Model,Accuracy,Precision,Recall,F1 Score
Logistic Regression,0.34108527131782945,0.34165085041743487,0.34108527131782945,0.3377017428829308
Random Forest,0.3236434108527132,0.32154853168148306,0.3236434108527132,0.32120387399145706
Support Vector Machine,0.3488372093023256,0.12168739859383451,0.3488372093023256,0.18043303929430635
